video_id,source_name,category,title,channel_title,published_at,comment_count,view_count,pulled
k1yAokNZFtk,Janar Baisemiz,interview/talk,&quot;Күйеуіңіздің көңілдесі бар&quot; деген хат келді | Мөлдір Мұқанова | #подкаст,Janar Baisemiz | журналист,2025-11-01T18:00:20Z,35261,4012689,
kuo9BY2AF3g,ALIBEKOVKZ,interview,"По Домам 44. В гостях у Алагузовых. Юрта, фитнес-центр, игровая и вид на миллион",ALIBEKOVKZ,2026-04-04T13:41:25Z,33716,2623632,
BB6kwOzoVXo,Stand Up Astana,comedy,Нурлан Сабуров ПРИНЦИПЫ 2024,Нурлан Сабуров,2024-10-24T07:01:28Z,21536,15307439,
cp5Cq8y6aUo,Marat Oralgazin,comedy,ҚЫЗЫҚ ПРЕМИЯ 2025 ТОЛЫҚ КОНЦЕРТ | Қызық Times,Marat Oralgazin,2025-12-31T17:00:28Z,15581,6574079,
HgnaaWHD_nk,Marat Oralgazin,comedy,ҚЫЗЫҚ ПРЕМИЯ 2024 ТОЛЫҚ КОНЦЕРТ | Қызық Live,Marat Oralgazin,2024-12-31T17:00:16Z,15236,7062249,
SyOU3EVzr20,Janar Baisemiz,interview/talk,"Өліп, қайта тірілген әйелдің оқиғасы.  Әруақтарды көрдім | Айғаным Боташ | #подкаст",Janar Baisemiz | журналист,2025-03-29T14:00:27Z,14107,1919078,
Z1nEDQRR8IQ,kana beisekeyev,interview,"Куаныш Бейсек: споры вокруг фильма «Дәстүр», уход из ИК, клип Аджара Гуджу / Зamandas",kana beisekeyev,2023-12-21T15:05:15Z,11991,1037390,
EKJU9Y2O9jg,Stand Up Astana,comedy,Иван Абрамов «ХИХАНЬКИ да ХАХАНЬКИ» 2025,Иван Абрамов,2025-12-25T09:00:33Z,10599,3418006,
TYDA3lpqLfg,AIRAN,interview,"Как живут казахи в России? Геноцид казахов, бурят, якутов? | Мобилизация, Казахстан, Украина, Путин",AIRAN,2023-12-05T12:11:53Z,9467,585285,
Di2iXcQvTME,AIRAN,interview,"«Живем там в вакууме»: российские казахи о переезде в Казахстан, войне, национализме | AIRAN подкаст",AIRAN,2022-11-16T13:00:09Z,8261,545554,
mBKoIFzTV5U,Stand Up Astana,comedy,Сауле Юсупова. Я не такая. Сольный стендап-концерт,OUTSIDE STAND UP,2023-10-29T08:00:31Z,8255,7903160,
tA0lDlE2PWc,kana beisekeyev,interview,Шесть лет тюрьмы из-за теракта в Бостоне / история Диаса Кадырбаева / Зamandas,kana beisekeyev,2023-08-04T09:03:40Z,7918,1689326,
di0-I7EPpUA,AIRAN,interview,"Чем казахи мешали советской власти? Был ли геноцид казахов? | Голод, Сталин, СССР, раскулачивание",AIRAN,2023-12-07T11:00:29Z,7809,401961,
B-8dY4bLU8A,Stand Up Astana,comedy,Первый сольный концерт Турсынбека Кабатова на русском языке (31.12.2019),Телеканал Астана / Astana TV,2020-01-21T06:44:43Z,7672,5916730,
h63Ah2haLbg,Janar Baisemiz,interview/talk,Қол-аяғым жоқ болса да 7 ші балама аяғым ауыр | #подкаст,Janar Baisemiz | журналист,2025-05-05T14:00:26Z,7551,1253428,
ywVUKL19F2I,ALIBEKOVKZ,interview,По Домам 20. Дом Айкына и Жулдыз Омиргали. Строили 2 года без архитектора,ALIBEKOVKZ,2024-03-09T06:02:36Z,6876,1634346,
HU_DDDWK0jc,AIRAN,interview,"Трансгендеры в Казахстане: смена пола, гормоны, отношения. Как мужчины становятся женщинами?",AIRAN,2023-02-14T13:00:19Z,6632,974311,
H7ovg9Ojgig,AIRAN,interview,"Казахстан остается колонией России? Досым Сатпаев, Азиз Бейшеналиев | AIRAN Подкаст",AIRAN,2024-02-29T12:00:22Z,6573,314667,
3Xql0Z3kPFI,CMN KZ,interview,Вдовец Улданы Мырзуан прервал молчание! ЭКСКЛЮЗИВНОЕ ИНТЕРВЬЮ,НПК | Народная партия Казахстана,2026-08-06T13:00:06Z,5976,241102,
YIZvaIFLZJo,Janar Baisemiz,interview/talk,Намаз оқымайтындар Тозаққа кете ме? | Құрбанәлі ишан | #подкаст,Janar Baisemiz | журналист,2026-03-14T14:30:06Z,5641,506744,
IkNUGh17_yA,CMN KZ,interview,Сания Жубанышева. Из камеры в могилу. Кто ответит за гибель девушки?,CMN KZ,2026-07-14T13:00:17Z,5369,731175,
heBbNw2ZO0w,Anna Danchenko,interview,Жузефина:&quot;Қанайдың үйінде сәлем салдым&quot;.,Anna Danchenko | Анна Данченко,2026-04-27T18:26:11Z,5172,1204789,
NFfOIt9slRY,kana beisekeyev,interview,"Витя и Лера из Республики Саха / Люди в России делают вид, что ничего не происходит",kana beisekeyev,2022-05-12T13:59:43Z,5054,270754,
EhBTTNjO3Kc,Marat Oralgazin,comedy,Нұржан Төлендиев - Қызық Times | ТУКА оралды | Алдараспан театры Бауыржан Тәңірберген | Кызык Live,Marat Oralgazin,2025-06-09T13:15:15Z,4936,1866754,
HzMW4T_EHG0,Stand Up Astana,comedy,She l Жансая Мұратбекқызы | Жеке стендап концерт,AINA,2025-12-25T14:34:34Z,4626,1431978,
8fDPF2SKBxM,CMN KZ,interview,"МАДЛЕН БЕЗ ФИЛЬТРОВ: личная жизнь, деньги, бизнес и хейт",CMN KZ,2026-08-06T13:00:29Z,4621,1066206,
IT31RA_xfPw,Janar Baisemiz,interview/talk,Назарбаев әлі биліктен кеткен жоқ | Дина Елгезек | #подкаст,Janar Baisemiz | журналист,2025-11-10T14:01:48Z,4552,325394,
gn1H0kaYKX0,Janar Baisemiz,interview/talk,Ядролық соғыс болады. Украина қатты қарызға кіріп жатыр |#подкаст,Janar Baisemiz | журналист,2026-02-07T16:08:50Z,4367,455900,
889fr3XwCTQ,Janar Baisemiz,interview/talk,Меккеде Періштемен бірге намаз оқыдым | Ақберен Елгезек | #подкас,Janar Baisemiz | журналист,2026-02-14T16:02:24Z,4308,269507,
sTD-hZBRqt4,ALIBEKOVKZ,interview,По Домам 39. Дом Жумабека и Динары Жаныкуловых: такого вы еще не видели ,ALIBEKOVKZ,2026-02-08T13:10:02Z,4187,1144358,
0LLTVBsC56M,AIRAN,interview,"Казахская армия: ржавая техника, коррупция, ленивые генералы | AIRAN Подкаст",AIRAN,2025-09-09T13:00:02Z,4180,234088,
SDw56YBq7kI,Stand Up Astana,comedy,"Айна Мусина - Все, что нас не убивает | Сольный концерт | Stand Up Astana",Stand Up Astana,2024-09-04T06:00:10Z,4141,3869177,
J7td6jni4vM,ALIBEKOVKZ,interview,Как Эмин Агаларов строит свой город и меняет Азербайджан,ALIBEKOVKZ,2026-07-21T14:59:53Z,4093,808344,
mk_Hh4THd_U,ALIBEKOVKZ,interview,"По домам 18. Пентхаус Динары Сатжан: студия, гримерка, мини-сауна",ALIBEKOVKZ,2024-02-19T09:27:38Z,4038,1014826,
b2SowuDp9B8,Marat Oralgazin,comedy,"Солай болып қалды - Қызық Times | Жазира Еркін, Мадина Оспан, Айшолпан Байтүгелова | Қызық Live",Marat Oralgazin,2024-04-21T15:31:32Z,3956,1773827,
LzlGnOkySdo,Janar Baisemiz,interview/talk,Күйеуімнің бірінші әйелі мені дуалады | Индира Расылхан | #подкаст,Janar Baisemiz | журналист,2026-01-05T15:00:07Z,3924,324185,
06GiIJVk3Gs,Janar Baisemiz,interview/talk,Тірілердің рухын көтеру | Түпсанамен ойнама! | Айнұр Әбдірәсілқызы | #покдаст,Janar Baisemiz | журналист,2025-02-08T15:00:06Z,3921,311010,
D3C8Yckcaa8,kana beisekeyev,interview,Ninety One - мы хотим быть услышанными /  зamandas,kana beisekeyev,2022-06-06T10:55:46Z,3909,584038,
q9DPrptVi7s,kana beisekeyev,interview,"Айсултан Сеитов, Жандос Кахар, Ануар Базаргелді - мы на пороге фундаментальных изменений",kana beisekeyev,2022-04-05T12:10:14Z,3691,832377,
JKvxig4cZjw,Marat Oralgazin,comedy,"Бажа, жалғасы болады ма? ҚЫЗЫҚ TIMES | Бажа 2 | 12 серия | Сериал 2025 | Қызық live",Marat Oralgazin,2025-04-07T13:09:46Z,3616,2364270,
4L47drxDTsI,kana beisekeyev,interview,"Даурен Айдаркулов: о многоженстве, хейте и кинокарьере / Зamandas",kana beisekeyev,2025-12-05T09:00:53Z,3558,215618,
Eu7BZbKr3So,Stand Up Astana,comedy,Айна Мусина - Оправдания | Сольный stand up концерт,Stand Up Astana,2023-06-01T14:00:34Z,3530,2430070,
sbXYf7LnI7U,TARTARIA FILMS,podcast,&quot;Джины любят мстить&quot; | Дәстүрлі подкаст | Ильхам ака и Назим | 8-шығарылым,TARTARIA FILMS,2023-11-22T13:49:19Z,3525,1928407,
oElIf8JI7tQ,ALIBEKOVKZ,interview,"По домам 15: дом Кырана Талапбека за 1,5 млн долларов",ALIBEKOVKZ,2023-09-26T11:05:41Z,3515,1176581,
x3ibT8DJzBA,Janar Baisemiz,interview/talk,Кішкентай қыздарға күштеп хиджап кигізесіз бе? | Әмина апа | #подкаст #жетімдер,Janar Baisemiz | журналист,2025-05-27T14:00:06Z,3499,365044,
w25BBF43seo,Stand Up Astana,comedy,"Варвара Щербакова. «Вот эта женщина, которая». Сольный стендап-концерт.",OUTSIDE STAND UP,2025-01-07T09:01:06Z,3479,2797993,
z_qrzejWz8k,Janar Baisemiz,interview/talk,Назарбаевқа қазіргі көзқарасыңыз қалай? | Айсұлтан туралы шындық | #подкаст,Janar Baisemiz | журналист,2025-05-17T14:00:06Z,3446,282749,
DF2wRecVKc8,Janar Baisemiz,interview/talk,Мағауиннің сүйегі неге Америкада қалды?!  | Мұхтар Мағауин | #сұхбат,Janar Baisemiz | журналист,2025-02-02T15:00:06Z,3416,420391,
a1cDRMDe83I,Stand Up Astana,comedy,ОТТАУ ALEM | ҚАЗАҚША ПРОЖАРКА | CENTRAL QAZAQSHA STANDUP,Qazaqsha StandUp Central,2026-09-06T16:01:36Z,3287,1234376,
qf-EDQr5W0w,ALIBEKOVKZ,interview,"По домам 2: как живут миллионеры на Коктобе, дом Моминбаевых",ALIBEKOVKZ,2021-11-25T13:38:46Z,3207,1080763,
9pt1tWI1txM,Stand Up Astana,comedy,Сольный стендап-концерт Айны Мусиной «40 намного лучше» | Stand Up Astana,Stand Up Astana,2025-08-28T15:00:16Z,3180,2065650,
UWgvtJEPt5Y,kana beisekeyev,interview,Новый Нуртас Адамбай: жизнь до и после переезда в США / Зamandas Interview,kana beisekeyev,2026-09-07T10:32:43Z,3176,652361,
U1A2ZrXEwxE,kana beisekeyev,interview,Нурлан Сабуров: жизнь за кадром / Зamandas,kana beisekeyev,2023-09-14T11:35:33Z,3163,1275797,
ynQr6-lIays,Marat Oralgazin,comedy,"Садраддин ҚЫЗЫҚ TIMES | Олай болмайды | Ойлай берем, Меховая, Бөлексің | Sadraddin | Қызық Live",Marat Oralgazin,2023-06-17T11:30:08Z,3026,1884808,
8JWrm9kXMyk,AIRAN,interview,Они проиграли свои жизни в казино! Как в Казахстане подсаживают на ставки? | Лудомания,AIRAN,2025-01-16T13:00:10Z,2997,681532,
9azIG326xMU,Janar Baisemiz,interview/talk,Қасиеті бар адамға барып емделіп жүрмін | Рамазан Амантай | #подкаст,Janar Baisemiz | журналист,2026-01-26T14:58:49Z,2972,491915,
5_GnBoxWKjQ,kana beisekeyev,interview,Хулиганы делают историю / Марат Оралгазин и Еркебулан Мырзабек / Зamandas,kana beisekeyev,2023-02-16T12:30:51Z,2873,1012501,
Va2EsJSjRoM,Janar Baisemiz,interview/talk,Бір отбасына үй сыйлаймын |  Інім айықпас дертке шалдықты | #podcast,Janar Baisemiz | журналист,2025-08-23T15:00:06Z,2863,629265,
kfcntGCF6hI,Marat Oralgazin,comedy,Дархан Дарикорн – Қызық Times | Daricorn Дархан Жолшыбеков | Қызық Live,Marat Oralgazin,2023-07-01T11:55:03Z,2819,1761315,
urAwRRfvCi0,ALIBEKOVKZ,interview,"По Домам 29. В гостях у подписчика: лифт в квартире, хаммам, кинозал на крыше",ALIBEKOVKZ,2024-09-18T12:37:57Z,2798,594943,
5ug3TfxJAaU,Marat Oralgazin,comedy,6ELLUCCI - ҚЫЗЫҚ TIMES | Стиль таза Қызылорда | Көбелек Kzo Не керек? Белуччи BELLICCI,Marat Oralgazin,2025-12-15T13:00:02Z,2796,627313,
ZS-wqjALctQ,AIRAN,interview,"Пытки, избиение на зоне. Педофилы, убийцы, наркотики | Откуда в тюрьмах Казахстана соль и мефедрон?",AIRAN,2023-06-27T13:10:00Z,2780,2646607,
KgXwWQvYxGw,AIRAN,interview,Интервью с бывшей женой Бишимбаева: от срока за коррупцию до убийства Салтанат,AIRAN Aqpan,2026-03-11T14:04:56Z,2773,496971,
Q-e6H8FJXD0,Janar Baisemiz,interview/talk,Балам жердің астында жаурап жатыр деп қабірге барғым келетін | #подкаст,Janar Baisemiz | журналист,2025-12-28T07:00:07Z,2683,289794,
sGB3P0vlLpY,AIRAN,interview,"Семей: радиация, полигон, нищета, разруха, рак, грязная вода | Лесные пожары в Абае",AIRAN,2023-08-14T13:30:17Z,2649,619300,
xzeLdYzW9-s,AIRAN,interview,"Все жены Назарбаева. Асель Курманбаева, Тауман Назарбаев | Личная жизнь экс-президента Казахстана",AIRAN,2023-04-19T14:35:01Z,2613,1534881,
8LWlsgNR98M,Qazaq Stand Up,comedy,ОМАР ЖАЛЕЛ | INTELLIGENTNO QU #12,Qazaq Stand Up | INTELLIGENTNO QU,2023-11-02T07:59:10Z,2597,648284,
Rq5cVjsg2KY,TARTARIA FILMS,podcast,&quot;Біз тұрған үйде жын болды&quot; | Дәстүрлі подкаст | Жанболат және Мадияр | 15-шығарылым,TARTARIA FILMS,2023-12-30T20:05:59Z,2566,1213338,
21dJoJPByZc,Janar Baisemiz,interview/talk,Жын кіргеннің белгілері | Жын шығарушы Данияр молда | #подкаст,Janar Baisemiz | журналист,2025-12-02T14:00:07Z,2542,298070,
4_zQuScH9wQ,TARTARIA FILMS,podcast,«Намазда басымды көтеруге қорықтым» | Дәстүрлі подкаст | 2RAR мен Zheka Fatbelly | 17-шығарылым,TARTARIA FILMS,2024-01-06T15:57:30Z,2501,885613,
az4HMAEV2fs,Stand Up Astana,comedy,Джеклин Путина –«Своя» | сольный стендап-концерт,Джеклин Путина | стендап,2025-09-13T16:46:08Z,2341,750832,
nX-DG0GGjGU,Janar Baisemiz,interview/talk,Эзотерикалық ілімнің түбінде Ібіліс отырады | Санжар Керімбай | #подкаст,Janar Baisemiz | журналист,2025-01-23T15:00:06Z,2339,246650,
EPuHmFo_ip4,AIRAN,interview,Мефедроновая чума в Казахстане? Девочка случайно проглотила полграмма вещества! | AIRAN Подкаст,AIRAN,2025-01-21T13:00:29Z,2271,277185,
tiCpRMTarzk,kana beisekeyev,interview,Алдияр Жапарханов: участие в январских событиях и революция творчества Ирины Кайратовны,kana beisekeyev,2022-09-09T12:51:25Z,2209,454369,
RLuI2xYJOJ4,AIRAN,interview,"«Мені мазаратқа апарып тірідей көмді. Түрмеде ақша бермесең, жолыңды жабады»",Qazaq AIRAN,2025-10-09T13:00:55Z,2177,776027,
5wDnYZaEvIQ,Janar Baisemiz,interview/talk,Жындар әлеміне барып келген келіншек | Айнұр Әбдірәсілқызы | #подкаст,Janar Baisemiz | журналист,2025-03-15T14:00:06Z,2137,385441,
ofOExoa06_Y,Janar Baisemiz,interview/talk,Мидың құпиясын білген адам өмірін өзгертеді | Абдрашит Түлкібай #подкаст,Janar Baisemiz | журналист,2026-07-05T14:30:06Z,2120,484910,
mUh62DzcU_Q,AIRAN,interview,"Сколько зарабатывают проститутки? Эскортницы, боди-массажистки, вебкам | Интим-услуги в Казахстане.",AIRAN,2023-05-16T13:00:37Z,2057,692678,
eJeKm7XwS3Y,Marat Oralgazin,comedy,Өнер Қырандары - ҚЫЗЫҚ TIMES  | Айтылмаған хикаялар | Қызық Live,Marat Oralgazin,2023-12-10T14:00:20Z,2019,1338826,
bSSxPQEuSz0,Marat Oralgazin,comedy,"Еркеш Хасен, Қанай - Қызық Times | Ең көңілді дуэт | Пародия | Ханшайым | Премьера | Қызық Live",Marat Oralgazin,2025-05-26T13:00:03Z,1950,818934,
A7WgPYkO_do,Qazaq Stand Up,comedy,ЖҮСІП АҚШОРА | INTELLIGENTNO QU #42,Qazaq Stand Up | INTELLIGENTNO QU,2026-08-14T14:59:47Z,1949,442159,
cDewemM3MY4,Janar Baisemiz,interview/talk,Алла маған не үшін осы сынақты жіберді? | Назгүл Қарабалинамен ашық сұхбат,Janar Baisemiz | журналист,2026-06-29T14:00:25Z,1946,331883,
0gvUhWSjcg0,TARTARIA FILMS,podcast,Жын ғашық болып қалды | Дәстүрлі подкаст | Жандос Самалбеков және Kalifarniya | 12-шығарылым,TARTARIA FILMS,2023-12-14T19:41:54Z,1898,789001,
Ojshj5Ada10,kana beisekeyev,interview,Махаббат / Alem и Вероника Жангалова / Зamandas,kana beisekeyev,2025-03-07T07:42:51Z,1897,532785,
m6Qxcd9kK1I,TARTARIA FILMS,podcast,&quot;Құдаймен келісімің бар ма?&quot; | Дәстүрлі подкаст | Роза және Балжан | 14-шығарылым,TARTARIA FILMS,2023-12-22T18:00:35Z,1894,431753,
RlApaMZ08co,ALIBEKOVKZ,interview,По Домам 26. Жанель Lifelearning: европейская квартира в Алматы,ALIBEKOVKZ,2024-07-20T12:20:25Z,1817,618170,
Z97s1aUS3LM,ALIBEKOVKZ,interview,"МАДЛЕН: Как заработать на Lamgorghini URUS. О мужчинах, подарках, слухах",ALIBEKOVKZ,2024-04-14T12:20:38Z,1812,486832,
D8OIXhnbyHA,Marat Oralgazin,comedy,Альфа тобы - Қызық Times | Alpha - Кім ол? | Қызық Live 2025,Marat Oralgazin,2025-06-23T13:00:32Z,1806,395794,
8Of7EpWjy6Q,ALIBEKOVKZ,interview,По Домам 24 в Дубае. Эксклюзив: как живет Павел Гительман,ALIBEKOVKZ,2024-05-08T10:42:57Z,1803,496814,
M6Rk9zsIgds,Stand Up Astana,comedy,Сольный стендап-концерт Айны Мусиной «Любовь побеждает» | Stand Up Astana,Stand Up Astana,2026-08-27T15:00:04Z,1799,1193097,
MtWWvuqq7Eo,kana beisekeyev,interview,Новогодний Зamandas с нашими женами / Аружан и Айдина,kana beisekeyev,2022-12-31T07:33:37Z,1772,573655,
H7WYMAHIOTE,Anna Danchenko,interview,ЛЯЗЗАТ БАЙЫРБЕКОВА: &quot;Тәуіржанның QosLike жобасына барғанын халықтан естідім&quot;,Anna Danchenko | Анна Данченко,2024-12-25T15:00:06Z,1762,550106,
wwhzswJvKvQ,TARTARIA FILMS,podcast,&quot;НЛО көрдім&quot; | Дәстүрлі подкаст | Еңлік және Айжұлдыз | 7-шығарылым,TARTARIA FILMS,2023-11-18T17:57:16Z,1736,753907,
jl75iLGqagU,ALIBEKOVKZ,interview,"ПО ДОМАМ 35. Секретный ЖК в Алматы. Сумки дороже квартиры, гардероб как витрина Saks",ALIBEKOVKZ,2025-08-31T10:33:52Z,1722,716923,
gQ2r5A3-YYs,Marat Oralgazin,comedy,ЕРКЕБҰЛАН ТОҚТАР - Қызық Times | Краш | Рубиться ететіндер бар ма? | Қызық live,Marat Oralgazin,2023-06-03T10:49:59Z,1721,1318346,
WjIMIRApBLY,Marat Oralgazin,comedy,Черный Двор - ҚЫЗЫҚ TIMES | Толық интервью | Қызық Live,Marat Oralgazin,2023-09-17T14:30:21Z,1720,1066755,
LvypS01UNs8,TARTARIA FILMS,podcast,"DASTURLI PODCAST | S2: Ep.1 | Қайрат Әділгерей, Жансерік Қадырбаев және Мирас Жүгінісов",TARTARIA FILMS,2024-03-28T21:05:14Z,1694,632946,
Vn1h6kpGx9M,Qazaq Stand Up,comedy,НҰРЛАН ҚОЯНБАЕВ | INTELLIGENTNO QU #2,Qazaq Stand Up | INTELLIGENTNO QU,2023-02-05T12:00:15Z,1640,698801,
kPv6Ic_6A9Y,kana beisekeyev,interview,Потрясающая история любви Ардана и Томирис на Замандас,kana beisekeyev,2023-08-17T11:03:57Z,1616,192008,
OQYZFM8F5_4,TARTARIA FILMS,podcast,Эксклюзив: записали голос джинов | Ильхам ака и Назим | Дәстүрлі подкаст - жаңа маусым | 1-шығарылым,TARTARIA FILMS,2025-11-21T13:57:04Z,1608,711682,
LMzpJ6T0DL8,Qazaq Stand Up,comedy,ЕРКЕБҰЛАН ТОҚТАР | INTELLIGENTNO QU #39,Qazaq Stand Up | INTELLIGENTNO QU,2026-06-28T14:59:20Z,1595,902832,
ivM-hWJ47eM,TARTARIA FILMS,podcast,&quot;Массон дегеннен қатты қорықтым&quot; | Дәстүрлі подкаст | АСЕ және Ерболат Беделхан | 10-шығарылым,TARTARIA FILMS,2023-12-03T22:15:05Z,1552,541001,
zWmR7JHdZUU,Qazaq Stand Up,comedy,РАМАЗАН АМАНТАЙ | INTELLIGENTNO QU #44,Qazaq Stand Up | INTELLIGENTNO QU,2026-09-06T13:10:25Z,1525,588637,
EGeakUBW_Aw,AIRAN,interview,"«Өлдім деп ойладым, үйден қоштасып шықтым. Халықты қатты қысымға алып жіберді» I Саят Медеуов",Qazaq AIRAN,2026-02-25T13:00:04Z,1487,344622,
i6oDkkHm0HI,AIRAN,interview,"Как Назарбаев предал Кунаева? Кто «убил» казахский язык? | Желтоксан,  СССР",AIRAN,2023-08-22T12:50:00Z,1480,229442,
Y2T__fYAOIY,Жанерке Сейфуллина,interview,,Жанерке Сейфуллина,,1477,,
kyd10xWQSbc,ALIBEKOVKZ,interview,По домам 8: моя новая квартира в Esentai Apartments,ALIBEKOVKZ,2023-03-08T09:48:46Z,1466,611906,
njcMMv4wdLE,AIRAN,interview,"«Тастап кеткен анам қазір қолымда. Пышақ сұққанда, ұрпақсыз қалдыра жаздады» I Жан Ахмадиев",Qazaq AIRAN,2025-12-01T13:00:05Z,1458,293749,
Xd8zyaVfp0Y,Stand Up Astana,comedy,Пятый сольный stand up концерт Галыма Калиакбарова,Галым Калиакбаров | Stand Up,2025-06-17T16:46:23Z,1442,643589,
zUa-Vh-75Hs,CMN KZ,interview,Последнее свидание Вероники. Мать погибшей бьется за правду,CMN KZ,2026-07-02T13:11:25Z,1441,235948,
04cSPQ9lS-A,Qazaq Stand Up,comedy,АСУ АЛМАБАЕВ | INTELLIGENTNO QU #37,Qazaq Stand Up | INTELLIGENTNO QU,2026-05-28T13:59:55Z,1432,531775,
BsQXtMRD-uI,Stand Up Astana,comedy,Вероника Ким &quot;Только никому не говори!&quot;. Сольный стендап концерт,Stand Up Astana,2022-05-05T16:00:12Z,1422,1612864,
2wWPO3hyJjU,TARTARIA FILMS,podcast,«Жандос деген досым болған» | Дәстүрлі подкаст | Еркебулан Мырзабек и Марат Оралгазин | 16-шығарылым,TARTARIA FILMS,2024-01-02T17:56:17Z,1397,659138,
M3b8vaVQvMU,Qazaq Stand Up,comedy,НҰРЛАН ҚОЯНБАЕВ | INTELLIGENTNO QU #24,Qazaq Stand Up | INTELLIGENTNO QU,2025-08-20T12:59:45Z,1370,531217,
KUMQdU6zpAQ,TARTARIA FILMS,podcast,Коррупция - кошмар наяву | Дәстүрлі подкаст | Максат Мамраимов және Рустем Омаров | 13-шығарылым,TARTARIA FILMS,2023-12-18T18:41:07Z,1361,515767,
dCCNmla8a7Y,ALIBEKOVKZ,interview,По домам 7: таунхаус блогеров за 200 миллионов,ALIBEKOVKZ,2023-02-03T09:30:02Z,1360,1166920,
d_a4gOV4BLw,TARTARIA FILMS,podcast,&quot;Өртенесіңдер ертең барлықтарың&quot; | Дәстүрлі подкаст | Ақжол мен Манас | 9-шығарылым,TARTARIA FILMS,2023-11-28T19:57:50Z,1339,667872,
B9FV_r7LZKQ,TARTARIA FILMS,podcast,"Кішкентай кезімде маған жын кіріп кетті… | Таир, Фади, Лаура мен Рауана | 6-шығарылым",TARTARIA FILMS,2025-12-15T14:08:12Z,1336,387257,
cmJWdsSY27M,TARTARIA FILMS,podcast,"Вы полностью под шайтанами...|Ильхам ака, Назим и Асхат |Дәстүрлі подкаст - жаңа маусым |8-шығарылым",TARTARIA FILMS,2025-12-24T13:28:11Z,1293,462996,
qVYRfIiCX7A,AIRAN,interview,"Токаев поставил своего? Кого посадят первым? | Олжас Бектенов, Смаилов, министры, Антикор, коррупция",AIRAN,2024-02-06T14:21:23Z,1291,225749,
CbNVw0gBoeM,Qazaq Stand Up,comedy,ЕРКЕБҰЛАН МЫРЗАБЕК | INTELLIGENTNO QU #28,Qazaq Stand Up | INTELLIGENTNO QU,2025-11-23T15:59:17Z,1290,749902,
MjvbNX-8HXU,Stand Up Astana,comedy,Зарина и Мадина Байболовы об ЛГБТ в Казахстане и походах к психологу,Stand Up Astana,2021-08-26T13:54:31Z,1282,945023,
PpgbM5bGg9o,Marat Oralgazin,comedy,Ұнайт шоу - ҚЫЗЫҚ TIMES |  Жайдарман жұлдыздары | Ұ-night show | Қызық Live,Marat Oralgazin,2023-12-17T14:00:28Z,1242,962591,
lF8WjnpGM14,Stand Up Astana,comedy,ANSAGAN - &quot;Аңсаған деген осы бала&quot; | STAND UP,ANSAGAN,2023-04-28T13:09:16Z,1234,893191,
uMjQdiHwm74,Qazaq Stand Up,comedy,"Қазақ Стендап  Қызық Times | Жансая, Аңсаған, Талғат, Нұрмахан, Данияр, Дархан Ғалым | Qazaq StandUp",Marat Oralgazin,2023-07-15T11:55:43Z,1216,777392,
GVyoPzYmA8M,TARTARIA FILMS,podcast,Назим и Ратбек о джинах | Дәстүрлі подкаст | 2-шығарылым,TARTARIA FILMS,2023-10-23T07:58:43Z,1197,677443,
8_KaCscwLnk,kana beisekeyev,interview,Я скучаю по старой Нагимуше / Nagimuwaa / Зamandas,kana beisekeyev,2023-03-07T14:00:04Z,1190,281541,
SS0wsidBXCg,Marat Oralgazin,comedy,"АЛЛО фильмі - ҚЫЗЫҚ TIMES | Сабиркин , Ғазиз Ерболат , Ақболат Утебай | НАЗАР АУДАР Sabirkin ",Marat Oralgazin,2025-11-16T13:01:03Z,1182,671095,
xPu4YE8U5-c,ALIBEKOVKZ,interview,"По Офисам. Еркебулан Токтар: вся правда о гонорарах, девушках и мечтах",ALIBEKOVKZ,2026-08-27T10:51:27Z,1178,1118140,
3Twb3mKi0k8,kana beisekeyev,interview,Тауекел Мусилим — казахский секс-символ / Зamandas,kana beisekeyev,2026-05-13T10:05:23Z,1160,202116,
gtpfN-xejtE,AIRAN,interview,Элитные проститутки Казахстана и их VIP-клиенты | Каких эскортниц предлагает Айка?,AIRAN,2023-06-09T14:30:12Z,1157,334600,
NnRW4-oSF48,Marat Oralgazin,comedy,"АРЗАН ПСИХОЛОГТАР - ҚЫЗЫҚ TIMES | Руслан Тай, Тілеген Еркінбек | Біз психолог емеспіз",Marat Oralgazin,2025-09-22T14:00:41Z,1152,857492,
93GKnLcvqeE,Qazaq Stand Up,comedy,ЖАЗИРА ЕРКІН | INTELLIGENTNO QU #20,Qazaq Stand Up | INTELLIGENTNO QU,2025-06-01T07:00:05Z,1151,734896,
y5X8BQ5Jw7c,Stand Up Astana,comedy,"ANSAGAN | Отношение, Дубай, Мектеп | Stand Up",ANSAGAN,2023-07-03T13:56:07Z,1145,935794,
TDOUbNTKmU8,CMN KZ,interview,Наказать насильников и найти дочь. 30 лет спустя,CMN KZ,2026-06-11T13:00:38Z,1132,154335,
FoD3kTwy4JI,TARTARIA FILMS,podcast,Медет пен Асқардың қорқынышты оқиғалары | Дәстүрлі подкаст | 3 - шығарылым,TARTARIA FILMS,2023-10-26T13:57:09Z,1123,1161106,
iufdIidhOi8,ALIBEKOVKZ,interview,По Домам 17. Дом лучшего дизайнера в Казахстане,ALIBEKOVKZ,2023-12-30T08:12:40Z,1113,621319,
3zzoM4e5qsk,Anna Danchenko,interview,&quot;Досымның қарындасы&quot;: Әділет Майғазиев жан-жарымен сұхбат берді.,Anna Danchenko | Анна Данченко,2025-06-12T19:38:16Z,1107,332737,
MdhnH5lwcFA,ALIBEKOVKZ,interview,По домам 6: как живут звезды Instagram,ALIBEKOVKZ,2022-09-26T13:19:58Z,1107,1148527,
91FWcOzit7o,Qazaq Stand Up,comedy,АЛДИЯР ЖАПАРХАНОВ | INTELLIGENTNO QU #40,Qazaq Stand Up | INTELLIGENTNO QU,2026-07-08T14:59:23Z,1088,531358,
QNuaCOqkHJU,kana beisekeyev,interview,"Звезды киберспорта из Казахстана: Hobb1t, Adren и Keen на Зamandas",kana beisekeyev,2023-10-20T12:39:25Z,1087,204332,
1EO8eGv-ugw,kana beisekeyev,interview,Развод по-казахстански / Зamandas,kana beisekeyev,2026-02-13T14:16:09Z,1068,155088,
1Mg7trENuNg,Stand Up Astana,comedy,Руслан Тай - первый сольный стендап концерт | Almaty Central Standup Club,Central Stand Up Club,2025-08-30T13:00:07Z,1066,649386,
VD8ZePMUn-M,kana beisekeyev,interview,"Кана, Аскар и Ержан: классика Зamandas",kana beisekeyev,2022-12-03T11:15:54Z,1058,224957,
Ygk0glqHWTA,Marat Oralgazin,comedy,"БАЙГАЙСТАН - ҚЫЗЫҚ TIMES | Байгайстан бөлек ел емес | Мағжан, Бағжан, Жалғас | bayGUYS | Қызық Live",Marat Oralgazin,2025-05-12T13:00:35Z,1058,959657,
P8cPGHIjM7o,kana beisekeyev,interview,"Аңсаған Садирханов: қазақша стендап, әкесіз өсу және қандас болу туралы / Зamandas",kana beisekeyev,2026-07-30T10:03:27Z,990,302215,
P7xE8HKkAlM,TARTARIA FILMS,podcast,Взломали Аблязова | Дәстүрлі подкаст | Расул және Есентай | 6-шығарылым,TARTARIA FILMS,2023-11-12T14:49:03Z,973,401293,
MaH33Iduxv8,Anna Danchenko,interview,&quot;QosLike жобасында сценариймен жүрді&quot;.,Anna Danchenko | Анна Данченко,2026-06-09T10:26:07Z,923,148769,
f0Dw2xg3jmk,ALIBEKOVKZ,interview,По домам 5: Дом на Шымбулаке с речкой во дворе и террасой под облаками. Кто там живет?,ALIBEKOVKZ,2022-05-18T07:12:22Z,917,847100,
_f_JBYcG3SY,Azattyq TV,news/analysis,,Azattyq TV,,886,,
i9znMTmqWMc,AIRAN,interview,Вебкамщицы и закладчики — «профессии мечты» в Казахстане? Как спасти молодежь?,AIRAN,2025-05-20T13:32:56Z,879,478094,
Kp02J2lblkI,Лаура Лесбек,interview,,Лаура Лесбек,,874,,
R8oVrPHmDMg,ALIBEKOVKZ,interview,По Домам 21. Дом самого успешного психолога за 200 млн,ALIBEKOVKZ,2024-03-19T13:03:27Z,869,803840,
WlD1k76N_bU,Qazaq Stand Up,comedy,DAMELYA SWEET | INTELLIGENTNO QU #3,Qazaq Stand Up | INTELLIGENTNO QU,2023-02-19T15:12:08Z,825,488932,
R1K99ibjwRY,Qazaq Stand Up,comedy,SAY MO | INTELLIGENTNO QU #27,Qazaq Stand Up | INTELLIGENTNO QU,2025-11-04T13:00:14Z,824,434663,
KBx4KZAbC0A,Marat Oralgazin,comedy,Жахан Утаргалиев Мансұр Серіков Ақерке Назарбекова Еркен Губашев ҚЫЗЫҚ TIMES | Жол фильмі Тикток,Marat Oralgazin,2023-10-08T14:36:07Z,815,717783,
9gouqsMUGZE,ALIBEKOVKZ,interview,По Домам 43. У Гульбану Майгариной и Алины Ли: дом ене-бизнесвумен и келин-блогера,ALIBEKOVKZ,2026-03-29T08:14:24Z,809,508355,
MYMYJbOMBnk,kana beisekeyev,interview,"Кайрат Боранбаев: футбол, бургеры, семья / Зamandas",kana beisekeyev,2026-04-29T08:07:23Z,801,193556,
d8jzjZtcfi0,Qazaq Stand Up,comedy,COCO JANBO | INTELLIGENTNO QU #33,Qazaq Stand Up | INTELLIGENTNO QU,2026-04-08T15:00:19Z,801,633212,
W7y5gO4upmg,CMN KZ,interview,Она не сама? Гибель Вероники Соколовой. Место трагедии.,CMN KZ,2026-08-13T13:00:20Z,796,118380,
uqcYSvEK0gY,Информбюро 31,news,,Информбюро 31,,765,,
yEVF-sMq9g0,Anna Danchenko,interview,Шыңғыс пен Карина: &quot;Бір болайық&quot; - сценарий солай болды.,Anna Danchenko | Анна Данченко,2025-04-20T04:30:06Z,741,202090,
59uAGYe58TE,Marat Oralgazin,comedy,Ауру фильмі - Қызық Times | Аян Өтепберген Азат Асан Дильназ Курмангали Мона Айтөре Жолдасқали,Marat Oralgazin,2026-08-19T13:00:06Z,724,491569,
GXpR0akqJBQ,Anna Danchenko,interview,&quot;ЖУЗЕФИНАҒА БЕКЕР КӨМЕКТЕСТІК&quot;.,Anna Danchenko | Анна Данченко,2026-08-03T14:00:06Z,688,144263,
b-EzQ5fT4hM,TARTARIA FILMS,podcast,Имамның өзі “в шоке” болды! | Дәстүрлі подкаст | Бейбит және Улугбек | 4-шығарылым,TARTARIA FILMS,2023-11-04T09:48:01Z,676,344134,
aD1ybj4f0bA,Артур Югай,analysis,,Артур Югай,,667,,
ntlF0G7nJwE,Qazaq Stand Up,comedy,МАРАТ ОРАЛҒАЗИН | INTELLIGENTNO QU #15,Qazaq Stand Up | INTELLIGENTNO QU,2024-04-21T18:05:38Z,629,490431,
p8OPy9mn54w,DOPE SOZ,podcast,,DOPE SOZ,,627,,
L9DIuJaBAmM,Qazaq Stand Up,comedy,DE LACURE | INTELLIGENTNO QU #13,Qazaq Stand Up | INTELLIGENTNO QU,2023-12-31T08:11:30Z,623,427945,
LTQP6bpRx-o,Qazaq Stand Up,comedy,SABIRKIN | INTELLIGENTNO QU #6,Qazaq Stand Up | INTELLIGENTNO QU,2023-04-30T15:07:09Z,600,441642,
wl2h15adbwc,Anna Danchenko,interview,&quot;Үш жылда махаббатымыз қатты сыналды&quot;,Anna Danchenko | Анна Данченко,2026-07-31T19:51:31Z,596,260067,
XxUKf7hcMy4,Anna Danchenko,interview,&quot;Ұлым мен келініме бір ғана шарт қойдым&quot;,Anna Danchenko | Анна Данченко,2026-05-21T14:18:46Z,568,301607,
f7v0hwkt-e0,TARTARIA FILMS,podcast,&quot;Тайланд қарғысталған жер&quot; | Дәстүрлі подкаст | Марго және Даулет | 5-шығарылым,TARTARIA FILMS,2023-11-07T17:12:30Z,554,494194,
l7sLh2WJAtg,NeAngime,podcast,,NeAngime,,547,,
qJu2aMg3eqE,Anna Danchenko,interview,"«Құдалар Қордайдан, Жаныстар — менің руымнан»",Anna Danchenko | Анна Данченко,2026-07-29T17:54:16Z,523,173923,
e8OQ7a13JVM,Stand Up Astana,comedy,КОНЦЕРТЫ: 1 сезон | 3 выпуск @TNT_shows,ТНТ - шоу,2024-09-07T07:00:20Z,512,1052644,
9fCCz8ugVqs,Qazaq Stand Up,comedy,19 жасар қызбен таныстым | Токсикоз шаршатты | Қазақша StandUp,Qazaq Stand Up | INTELLIGENTNO QU,2021-07-23T12:41:37Z,501,436468,
nGyMAPSZATI,Qazaq Stand Up,comedy,"ТАЛҒАТ, АМАНЖАН, НҰРМАХАН | Qazaq StandUp | Қазақша стендап",Qazaq Stand Up | INTELLIGENTNO QU,2023-08-07T08:58:03Z,487,414691,
uV2A8LvBSVw,Million Show,interview,,Million Show,,446,,
AJzBPa1nK0A,CMN KZ,interview,Кому мешала Сания? Мама погибшей пойдет до конца,CMN KZ,2026-08-27T13:02:10Z,402,84568,
76M5I0WzoaI,Stand Up Astana,comedy,TALKШОУ: ПЕРВЫЙ ВЫПУСК  / МЕРКУЛЬ / ТЮЛЮГЕНОВ,MERKUL,2024-11-19T15:00:06Z,399,669637,
TdwUfSnjbn4,TARTARIA FILMS,podcast,Дәстүрлі подкаст | 1-шығарылым | Сабира және Мадина,TARTARIA FILMS,2023-10-13T14:06:10Z,393,453163,
-4hUqqm7pr0,PROMMA PODCAST,podcast,,PROMMA PODCAST,,388,,
NUBQCjm3Oxc,CMN KZ,interview,В могилу из-за «Барни»? Мадина не успела развестись,CMN KZ,2026-08-25T13:02:51Z,365,92561,
qZwu-uXyKH8,QAZSPORT TV,sport,,QAZSPORT TV,,109,,
